<?xml version="1.0" encoding="UTF-8"?>
<metadata>
  <groupId>org.geotools</groupId>
  <artifactId>gt-wms</artifactId>
  <version>14-20150910.103402-231</version>
  <versioning>
    <snapshot>
      <timestamp>20150910.223302</timestamp>
      <buildNumber>233</buildNumber>
    </snapshot>
    <lastUpdated>20150910223303</lastUpdated>
    <snapshotVersions>
      <snapshotVersion>
        <extension>pom</extension>
        <value>14-20150910.223302-233</value>
        <updated>20150910223302</updated>
      </snapshotVersion>
      <snapshotVersion>
        <classifier>sources</classifier>
        <extension>jar</extension>
        <value>14-20150910.223302-233</value>
        <updated>20150910223302</updated>
      </snapshotVersion>
      <snapshotVersion>
        <extension>jar</extension>
        <value>14-20150910.223302-233</value>
        <updated>20150910223302</updated>
      </snapshotVersion>
    </snapshotVersions>
  </versioning>
</metadata>
