<?xml version="1.0" encoding="UTF-8"?>
<metadata>
  <groupId>org.geotools</groupId>
  <artifactId>geotools</artifactId>
  <version>14-20150910.222956-234</version>
  <versioning>
    <snapshot>
      <timestamp>20150910.222956</timestamp>
      <buildNumber>234</buildNumber>
    </snapshot>
    <lastUpdated>20150910222956</lastUpdated>
    <snapshotVersions>
      <snapshotVersion>
        <extension>pom</extension>
        <value>14-20150910.222956-234</value>
        <updated>20150910222956</updated>
      </snapshotVersion>
    </snapshotVersions>
  </versioning>
</metadata>
