<?xml version="1.0" encoding="UTF-8" standalone="no"?><templates><template autoinsert="true" context="gettercomment_context" deleted="false" description="Comment for getter method" enabled="true" id="org.eclipse.jdt.ui.text.codetemplates.gettercomment" name="gettercomment">/**
 * @return the ${bare_field_name}
 */</template><template autoinsert="true" context="settercomment_context" deleted="false" description="Comment for setter method" enabled="true" id="org.eclipse.jdt.ui.text.codetemplates.settercomment" name="settercomment">/**
 * @param ${param} the ${bare_field_name} to set
 */</template><template autoinsert="true" context="constructorcomment_context" deleted="false" description="Comment for created constructors" enabled="true" id="org.eclipse.jdt.ui.text.codetemplates.constructorcomment" name="constructorcomment">/**
 * ${tags}
 */</template><template autoinsert="false" context="filecomment_context" deleted="false" description="Comment for created Java files" enabled="true" id="org.eclipse.jdt.ui.text.codetemplates.filecomment" name="filecomment">/**
 * This program is free software: you can redistribute it and/or modify
 * it under the terms of the GNU Lesser General Public License as published by
 * the Free Software Foundation, either version 3 of the License, or
 * (at your option) any later version.
 *
 *  This program is distributed in the hope that it will be useful,
 *  but WITHOUT ANY WARRANTY; without even the implied warranty of
 *  MERCHANTABILITY or FITNESS FOR A PARTICULAR PURPOSE.  See the
 *  GNU General Public License for more details.
 *
 *  You should have received a copy of the GNU Lesser General Public License
 *  along with this program.  If not, see &lt;http://www.gnu.org/licenses/&gt;.
 * 
 */</template><template autoinsert="false" context="typecomment_context" deleted="false" description="Comment for created types" enabled="true" id="org.eclipse.jdt.ui.text.codetemplates.typecomment" name="typecomment">/**
 * @author ${user}
 *
 * ${tags}
 */</template><template autoinsert="true" context="fieldcomment_context" deleted="false" description="Comment for fields" enabled="true" id="org.eclipse.jdt.ui.text.codetemplates.fieldcomment" name="fieldcomment">/**
 * 
 */</template><template autoinsert="true" context="methodcomment_context" deleted="false" description="Comment for non-overriding methods" enabled="true" id="org.eclipse.jdt.ui.text.codetemplates.methodcomment" name="methodcomment">/**
 * ${tags}
 */</template><template autoinsert="false" context="overridecomment_context" deleted="false" description="Comment for overriding methods" enabled="true" id="org.eclipse.jdt.ui.text.codetemplates.overridecomment" name="overridecomment">/**
 * ${see_to_overridden}
 */</template><template autoinsert="true" context="delegatecomment_context" deleted="false" description="Comment for delegate methods" enabled="true" id="org.eclipse.jdt.ui.text.codetemplates.delegatecomment" name="delegatecomment">/**
 * ${tags}
 * ${see_to_target}
 */</template><template autoinsert="true" context="newtype_context" deleted="false" description="Newly created files" enabled="true" id="org.eclipse.jdt.ui.text.codetemplates.newtype" name="newtype">${filecomment}
${package_declaration}

${typecomment}
${type_declaration}</template><template autoinsert="true" context="classbody_context" deleted="false" description="Code in new class type bodies" enabled="true" id="org.eclipse.jdt.ui.text.codetemplates.classbody" name="classbody">
</template><template autoinsert="true" context="interfacebody_context" deleted="false" description="Code in new interface type bodies" enabled="true" id="org.eclipse.jdt.ui.text.codetemplates.interfacebody" name="interfacebody">
</template><template autoinsert="true" context="enumbody_context" deleted="false" description="Code in new enum type bodies" enabled="true" id="org.eclipse.jdt.ui.text.codetemplates.enumbody" name="enumbody">
</template><template autoinsert="true" context="annotationbody_context" deleted="false" description="Code in new annotation type bodies" enabled="true" id="org.eclipse.jdt.ui.text.codetemplates.annotationbody" name="annotationbody">
</template><template autoinsert="false" context="catchblock_context" deleted="false" description="Code in new catch blocks" enabled="true" id="org.eclipse.jdt.ui.text.codetemplates.catchblock" name="catchblock">LOGGER.log(Level.FINER, ${exception_var}.getMessage(), ${exception_var});</template><template autoinsert="true" context="methodbody_context" deleted="false" description="Code in created method stubs" enabled="true" id="org.eclipse.jdt.ui.text.codetemplates.methodbody" name="methodbody">// ${todo} Auto-generated method stub
${body_statement}</template><template autoinsert="false" context="constructorbody_context" deleted="false" description="Code in created constructor stubs" enabled="true" id="org.eclipse.jdt.ui.text.codetemplates.constructorbody" name="constructorbody">${body_statement}
 throw new UnsupportedOperationException("Not yet implemented");</template><template autoinsert="true" context="getterbody_context" deleted="false" description="Code in created getters" enabled="true" id="org.eclipse.jdt.ui.text.codetemplates.getterbody" name="getterbody">return ${field};</template><template autoinsert="true" context="setterbody_context" deleted="false" description="Code in created setters" enabled="true" id="org.eclipse.jdt.ui.text.codetemplates.setterbody" name="setterbody">${field} = ${param};</template></templates>