<?xml version="1.0" encoding="UTF-8"?>
<metadata>
  <groupId>org.geotools</groupId>
  <artifactId>gt-referencing</artifactId>
  <version>14-20150910.205944-233</version>
  <versioning>
    <snapshot>
      <timestamp>20150910.223023</timestamp>
      <buildNumber>234</buildNumber>
    </snapshot>
    <lastUpdated>20150910223024</lastUpdated>
    <snapshotVersions>
      <snapshotVersion>
        <classifier>tests</classifier>
        <extension>jar</extension>
        <value>14-20150910.223023-234</value>
        <updated>20150910223023</updated>
      </snapshotVersion>
      <snapshotVersion>
        <extension>pom</extension>
        <value>14-20150910.223023-234</value>
        <updated>20150910223023</updated>
      </snapshotVersion>
      <snapshotVersion>
        <classifier>sources</classifier>
        <extension>jar</extension>
        <value>14-20150910.223023-234</value>
        <updated>20150910223023</updated>
      </snapshotVersion>
      <snapshotVersion>
        <extension>jar</extension>
        <value>14-20150910.223023-234</value>
        <updated>20150910223023</updated>
      </snapshotVersion>
    </snapshotVersions>
  </versioning>
</metadata>
