<?xml version="1.0" encoding="UTF-8"?>
<metadata modelVersion="1.1.0">
  <groupId>org.geowebcache</groupId>
  <artifactId>gwc-diskquota</artifactId>
  <version>1.8-SNAPSHOT</version>
  <versioning>
    <snapshot>
      <localCopy>true</localCopy>
    </snapshot>
    <lastUpdated>20150910233816</lastUpdated>
    <snapshotVersions>
      <snapshotVersion>
        <classifier>tests</classifier>
        <extension>jar</extension>
        <value>1.8-SNAPSHOT</value>
        <updated>20150910233816</updated>
      </snapshotVersion>
      <snapshotVersion>
        <extension>pom</extension>
        <value>1.8-SNAPSHOT</value>
        <updated>20150910233816</updated>
      </snapshotVersion>
    </snapshotVersions>
  </versioning>
</metadata>
