<?xml version="1.0" encoding="UTF-8"?>
<metadata>
  <groupId>org.geotools</groupId>
  <artifactId>gt-cql</artifactId>
  <version>14-20150910.210027-233</version>
  <versioning>
    <snapshot>
      <timestamp>20150910.223106</timestamp>
      <buildNumber>234</buildNumber>
    </snapshot>
    <lastUpdated>20150910223106</lastUpdated>
    <snapshotVersions>
      <snapshotVersion>
        <extension>pom</extension>
        <value>14-20150910.223106-234</value>
        <updated>20150910223106</updated>
      </snapshotVersion>
      <snapshotVersion>
        <classifier>sources</classifier>
        <extension>jar</extension>
        <value>14-20150910.223106-234</value>
        <updated>20150910223106</updated>
      </snapshotVersion>
      <snapshotVersion>
        <extension>jar</extension>
        <value>14-20150910.223106-234</value>
        <updated>20150910223106</updated>
      </snapshotVersion>
    </snapshotVersions>
  </versioning>
</metadata>
