<?xml version="1.0" encoding="UTF-8"?>
<metadata>
  <groupId>org.geotools</groupId>
  <artifactId>extension</artifactId>
  <version>14-20150910.210011-233</version>
  <versioning>
    <snapshot>
      <timestamp>20150910.223045</timestamp>
      <buildNumber>234</buildNumber>
    </snapshot>
    <lastUpdated>20150910223045</lastUpdated>
    <snapshotVersions>
      <snapshotVersion>
        <extension>pom</extension>
        <value>14-20150910.223045-234</value>
        <updated>20150910223045</updated>
      </snapshotVersion>
    </snapshotVersions>
  </versioning>
</metadata>
