<?xml version="1.0" encoding="UTF-8"?>
<!DOCTYPE beans PUBLIC "-//SPRING//DTD BEAN//EN" "http://www.springframework.org/dtd/spring-beans.dtd">
<beans>
  <description>
   Bean configuration file for the gwc-web module
  </description>

  <import resource="geowebcache-core-context.xml"/>
  <import resource="geowebcache-georss-context.xml"/>
  <import resource="geowebcache-gmaps-context.xml"/>
  <import resource="geowebcache-kmlservice-context.xml"/>
  <import resource="geowebcache-rest-context.xml"/>
  <import resource="geowebcache-tmsservice-context.xml"/>
  <import resource="geowebcache-virtualearth-context.xml"/>
  <import resource="geowebcache-wmsservice-context.xml"/>
  <import resource="geowebcache-wmtsservice-context.xml"/>
  <import resource="geowebcache-s3storage-context.xml"/>

  <import resource="geowebcache-diskquota-context.xml"/>
  <import resource="geowebcache-arcgiscache-context.xml"/>
  <import resource="geowebcache-distributed.xml"/>
    
  <bean id="gwcUrlMapping" class="org.springframework.web.servlet.handler.SimpleUrlHandlerMapping">
    <property name="alwaysUseFullPath" value="true"/>
    <property name="mappings">
      <props> 
        <prop key="/service/**">geowebcacheDispatcher</prop>
        <prop key="/demo/**">geowebcacheDispatcher</prop>
	    <prop key="/proxy/**">gwcProxyDispatcher</prop>
	    <prop key="/home">geowebcacheDispatcher</prop>
      </props>
    </property>
  </bean>
  
</beans>
