<assembly>
  <id>src</id>
  <formats>
    <format>zip</format>
  </formats>
  <includeBaseDirectory>false</includeBaseDirectory>
  <fileSets>
    <fileSet>
      <directory>${project.basedir}</directory>
      <outputDirectory>geowebcache-<!-- GWC VERSION -->1.8.0<!-- /GWC VERSION -->/</outputDirectory>
      <useDefaultExcludes>true</useDefaultExcludes>
      <excludes>
        <exclude>**/${project.build.directory}/**</exclude>
        <exclude>target</exclude>
        <exclude>**/target/**</exclude>
        <exclude>.settings</exclude>
        <exclude>**/.settings/**</exclude>
        <exclude>**/.settings</exclude>
        <exclude>.project</exclude>
        <exclude>**/.project</exclude>
        <exclude>.classpath</exclude>
        <exclude>**/.classpath</exclude>
      </excludes>
    </fileSet>
  </fileSets>
</assembly>
