<assembly>
 <id>war</id>
 <formats>
  <format>zip</format>
 </formats>
 <includeBaseDirectory>false</includeBaseDirectory>
 <fileSets>
  <fileSet>
   <!-- the war file -->
   <directory>web/target</directory>
   <outputDirectory></outputDirectory>
   <includes>
    <include>geowebcache.war</include>
   </includes>
  </fileSet>
  <fileSet>
   <!-- licenses -->
   <directory></directory>
   <outputDirectory></outputDirectory>
   <includes>
    <include>LICENSE.txt</include>
   </includes>
  </fileSet>
 </fileSets>
 <moduleSets>
  <moduleSet>
   <includes>
    <include>org.geowebcache:gwc-web</include>
   </includes>
  </moduleSet>
 </moduleSets>
</assembly>
